{
  "training_date": "2025-07-11T17:09:44.201134",
  "model_architecture": "ResNet50 + Custom Head",
  "target_accuracy": 0.9984,
  "achieved_accuracy": 0.4000000059604645,
  "dataset_info": {
    "total_images": 704,
    "image_size": [
      224,
      224
    ],
    "batch_size": 32,
    "epochs": 50
  },
  "training_history": {
    "loss": [
      1.0805091857910156,
      0.9003587961196899,
      1.2463910579681396,
      0.6727178692817688,
      1.1970552206039429,
      0.8248422741889954,
      0.730821967124939,
      1.0221318006515503,
      0.7427625060081482,
      0.9240118861198425,
      0.8250243663787842,
      0.7112342715263367,
      0.9353244304656982,
      0.7104918956756592,
      0.7371795773506165,
      0.6277675032615662,
      0.4948703348636627,
      0.4055820405483246,
      0.6421781778335571
    ],
    "accuracy": [
      0.46666666865348816,
      0.5,
      0.5666666626930237,
      0.6666666865348816,
      0.46666666865348816,
      0.5,
      0.6333333253860474,
      0.699999988079071,
      0.6000000238418579,
      0.5666666626930237,
      0.6666666865348816,
      0.6666666865348816,
      0.6333333253860474,
      0.5666666626930237,
      0.6666666865348816,
      0.7666666507720947,
      0.7666666507720947,
      0.7666666507720947,
      0.6333333253860474
    ],
    "val_loss": [
      0.724462628364563,
      0.7228290438652039,
      0.7204378843307495,
      0.7171117663383484,
      0.7137451767921448,
      0.7091856598854065,
      0.7055732607841492,
      0.7010864019393921,
      0.6975886821746826,
      0.6952760219573975,
      0.6926407814025879,
      0.6902634501457214,
      0.6885287761688232,
      0.6875831484794617,
      0.6867462396621704,
      0.6871124505996704,
      0.688190221786499,
      0.689070463180542,
      0.6902663111686707
    ],
    "val_accuracy": [
      0.3333333432674408,
      0.3333333432674408,
      0.3333333432674408,
      0.3333333432674408,
      0.3333333432674408,
      0.4444444477558136,
      0.3333333432674408,
      0.3333333432674408,
      0.5555555820465088,
      0.5555555820465088,
      0.5555555820465088,
      0.5555555820465088,
      0.5555555820465088,
      0.5555555820465088,
      0.5555555820465088,
      0.5555555820465088,
      0.5555555820465088,
      0.5555555820465088,
      0.5555555820465088
    ]
  },
  "evaluation_results": {
    "accuracy": 0.4000000059604645,
    "precision": 0.4000000059604645,
    "recall": 0.4000000059604645,
    "classification_report": "              precision    recall  f1-score   support\n\n      Normal       0.00      0.00      0.00         3\n          TB       0.40      1.00      0.57         2\n\n    accuracy                           0.40         5\n   macro avg       0.20      0.50      0.29         5\nweighted avg       0.16      0.40      0.23         5\n",
    "confusion_matrix": [
      [
        0,
        3
      ],
      [
        0,
        2
      ]
    ]
  }
}